severity_group,mean,median,std,min,25%,50%,75%,max
Fatal,46.548510048510046,41.0,55.71495512710811,0.0,30.0,41.0,59.0,2023.0
Non-Fatal,41.69555061812795,41.0,17.835099107377225,0.0,28.0,41.0,53.0,99.0
